{
  "generated_at": "2025-10-11T17:33:57.458020",
  "summary": {
    "most_frequent_record_types": {
      "history_form": 11,
      "dental_exam": 6,
      "medical_exam": 1
    },
    "records_by_month": {
      "2025-10": 18
    },
    "patients_by_sex": {
      "Male": 10,
      "Female": 4
    },
    "patients_by_program": {
      "BSIT-BA 4101": 12,
      "bsit": 1,
      "BSIT-BA 4101 lipa campus": 1
    },
    "patients_by_year_level": {
      "4th": 6,
      "4th Year": 1
    },
    "avg_visits_per_patient": 1.2857142857142858,
    "median_visits_per_patient": 1.0
  }
}